{"cameraMode":{"drawMode":0,"name":"Shaded","section":"Shading Mode"},"sceneLighting":false,"audioPlay":false,"sceneViewState":{"showFog":true,"showMaterialUpdate":false,"showSkybox":false,"showFlares":true,"showImageEffects":true,"showParticleSystems":true,"showVisualEffectGraphs":true,"m_FxEnabled":true},"in2DMode":false,"pivot":{"x":1.8937450647354127,"y":0.25023460388183596,"z":-0.497639000415802},"rotation":{"x":0.33874502778053286,"y":-0.21545623242855073,"z":0.0799931138753891,"w":0.9123838543891907},"size":0.7120653390884399,"orthographic":true}