{"cameraMode":{"drawMode":0,"name":"Shaded","section":"Shading Mode"},"sceneLighting":false,"audioPlay":false,"sceneViewState":{"showFog":true,"showMaterialUpdate":false,"showSkybox":false,"showFlares":true,"showImageEffects":true,"showParticleSystems":true,"showVisualEffectGraphs":true,"m_FxEnabled":true},"in2DMode":false,"pivot":{"x":0.4799370765686035,"y":0.03390789031982422,"z":4.002203464508057},"rotation":{"x":0.05695932358503342,"y":-0.1328052133321762,"z":0.007661331910640001,"w":0.9895596504211426},"size":5.404036998748779,"orthographic":false}