{"cameraMode":{"drawMode":0,"name":"Shaded","section":"Shading Mode"},"sceneLighting":false,"audioPlay":false,"sceneViewState":{"showFog":true,"showMaterialUpdate":false,"showSkybox":false,"showFlares":true,"showImageEffects":true,"showParticleSystems":true,"showVisualEffectGraphs":true,"m_FxEnabled":true},"in2DMode":false,"pivot":{"x":2.0568792819976808,"y":-0.4550429582595825,"z":-0.03882768750190735},"rotation":{"x":-0.047449301928281787,"y":-0.03742304816842079,"z":0.0018818669486790896,"w":-0.9983228445053101},"size":1.5146989822387696,"orthographic":false}