{"cameraMode":{"drawMode":0,"name":"Shaded","section":"Shading Mode"},"sceneLighting":false,"audioPlay":false,"sceneViewState":{"showFog":true,"showMaterialUpdate":false,"showSkybox":false,"showFlares":true,"showImageEffects":true,"showParticleSystems":true,"showVisualEffectGraphs":true,"m_FxEnabled":true},"in2DMode":false,"pivot":{"x":102.41448974609375,"y":-1932.7501220703125,"z":22.814409255981447},"rotation":{"x":0.07144124805927277,"y":-0.006385754328221083,"z":0.0004672057111747563,"w":0.9974851608276367},"size":3.5584914684295656,"orthographic":false}