{"cameraMode":{"drawMode":0,"name":"Shaded","section":"Shading Mode"},"sceneLighting":true,"audioPlay":false,"sceneViewState":{"showFog":true,"showMaterialUpdate":false,"showSkybox":true,"showFlares":true,"showImageEffects":true,"showParticleSystems":true,"showVisualEffectGraphs":true,"m_FxEnabled":true},"in2DMode":false,"pivot":{"x":10.423994064331055,"y":1.0031284093856812,"z":-3.4711759090423586},"rotation":{"x":-0.37781429290771487,"y":0.35810616612434389,"z":-0.16128699481487275,"w":-0.8385162949562073},"size":0.7477080225944519,"orthographic":false}