{"cameraMode":{"drawMode":0,"name":"Shaded","section":"Shading Mode"},"sceneLighting":false,"audioPlay":false,"sceneViewState":{"showFog":true,"showMaterialUpdate":false,"showSkybox":false,"showFlares":true,"showImageEffects":true,"showParticleSystems":true,"showVisualEffectGraphs":true,"m_FxEnabled":true},"in2DMode":false,"pivot":{"x":-1.8552827835083008,"y":5.051326751708984,"z":0.8179937601089478},"rotation":{"x":0.10305420309305191,"y":-0.07146648317575455,"z":0.007450133096426725,"w":0.9921606779098511},"size":9.779502868652344,"orthographic":false}