{"cameraMode":{"drawMode":0,"name":"Shaded","section":"Shading Mode"},"sceneLighting":false,"audioPlay":false,"sceneViewState":{"showFog":true,"showMaterialUpdate":false,"showSkybox":false,"showFlares":true,"showImageEffects":true,"showParticleSystems":true,"showVisualEffectGraphs":true,"m_FxEnabled":true},"in2DMode":false,"pivot":{"x":-0.1903923600912094,"y":0.12160124629735947,"z":-0.13694655895233155},"rotation":{"x":-0.047449301928281787,"y":-0.03742304816842079,"z":0.0018818669486790896,"w":-0.9983228445053101},"size":0.8661654591560364,"orthographic":false}