{"cameraMode":{"drawMode":0,"name":"Shaded","section":"Shading Mode"},"sceneLighting":false,"audioPlay":false,"sceneViewState":{"showFog":true,"showMaterialUpdate":false,"showSkybox":false,"showFlares":true,"showImageEffects":true,"showParticleSystems":true,"showVisualEffectGraphs":true,"m_FxEnabled":true},"in2DMode":false,"pivot":{"x":0.8776202201843262,"y":-0.908123254776001,"z":-3.098285675048828},"rotation":{"x":0.005689586047083139,"y":-0.9901005625724793,"z":0.13598395884037019,"w":0.03995285555720329},"size":3.2541306018829347,"orthographic":false}