{"cameraMode":{"drawMode":0,"name":"Shaded","section":"Shading Mode"},"sceneLighting":false,"audioPlay":false,"sceneViewState":{"showFog":true,"showMaterialUpdate":false,"showSkybox":false,"showFlares":true,"showImageEffects":true,"showParticleSystems":true,"showVisualEffectGraphs":true,"m_FxEnabled":true},"in2DMode":false,"pivot":{"x":0.4799370765686035,"y":0.03390789031982422,"z":4.002203464508057},"rotation":{"x":0.031588051468133929,"y":0.43076348304748537,"z":-0.01506123412400484,"w":0.9018794894218445},"size":5.404036998748779,"orthographic":false}